person,AMP,LIN
1,0.3333333333333333,0.6666666666666666
4,0.4166666666666667,0.5833333333333334
7,0.5833333333333334,0.4166666666666667
9,0.6666666666666666,0.3333333333333333
15,0.6666666666666666,0.3333333333333333
19,0.4166666666666667,0.5833333333333334
23,0.4166666666666667,0.5833333333333334
26,0.4166666666666667,0.5833333333333334
27,0.3333333333333333,0.6666666666666666
